id,full_name,username,email,password,google_id,profile_picture,auth_provider,email_verified,role_id,created_at,last_login
1,Chen Sokolov,chen_sokolov13,chen.sokolov5@yahoo.com,SecurePass350!,,https://api.dicebear.com/7.x/adventurer/svg?seed=chen_sokolov13,local,1,1,2026-06-15T12:37:29.805098,2026-06-15T12:37:29.805098
2,Emma Larsson,emma_larsson14,emma.larsson2@company.com,SecurePass323!,,https://api.dicebear.com/7.x/adventurer/svg?seed=emma_larsson14,local,1,4,2026-06-21T12:37:29.805098,2026-06-22T12:37:29.805098
3,Takashi Johansson,takashi_johansson85,takashi.johansson1@cybersec.net,SecurePass877!,,https://api.dicebear.com/7.x/adventurer/svg?seed=takashi_johansson85,local,0,2,2026-06-28T12:37:29.805098,2026-06-30T12:37:29.805098
4,Hana Fischer,hana_fischer53,hana.fischer2@company.com,SecurePass489!,,https://api.dicebear.com/7.x/adventurer/svg?seed=hana_fischer53,local,0,3,2026-06-11T12:37:29.805098,2026-06-13T12:37:29.805098
5,Priya Schmidt,priya_schmidt68,priya.schmidt2@gmail.com,SecurePass487!,,https://api.dicebear.com/7.x/adventurer/svg?seed=priya_schmidt68,local,0,3,2026-06-12T12:37:29.805098,2026-06-17T12:37:29.805098
6,James Watanabe,james_watanabe18,james.watanabe4@company.com,SecurePass891!,1002920458,https://api.dicebear.com/7.x/adventurer/svg?seed=james_watanabe18,google,1,1,2026-06-11T12:37:29.805098,2026-06-12T12:37:29.805098
7,Diego Adeleke,diego_adeleke68,diego.adeleke6@yahoo.com,SecurePass266!,1002956566,https://api.dicebear.com/7.x/adventurer/svg?seed=diego_adeleke68,google,1,3,2026-07-02T12:37:29.805098,2026-07-07T12:37:29.805098
8,Jun Chen,jun_chen92,jun.chen3@company.com,SecurePass646!,,https://api.dicebear.com/7.x/adventurer/svg?seed=jun_chen92,local,1,3,2026-06-24T12:37:29.805098,2026-06-27T12:37:29.805098
9,Chen Yang,chen_yang81,chen.yang6@intel.org,SecurePass963!,,https://api.dicebear.com/7.x/adventurer/svg?seed=chen_yang81,local,1,3,2026-06-12T12:37:29.805098,2026-06-12T12:37:29.805098
10,Sven Adeleke,sven_adeleke18,sven.adeleke6@intel.org,SecurePass317!,1002961856,https://api.dicebear.com/7.x/adventurer/svg?seed=sven_adeleke18,google,1,4,2026-06-10T12:37:29.805098,2026-06-15T12:37:29.805098
11,Sofia Chineye,sofia_chineye27,sofia.chineye9@intel.org,SecurePass651!,1002986622,https://api.dicebear.com/7.x/adventurer/svg?seed=sofia_chineye27,google,1,4,2026-06-25T12:37:29.805098,2026-06-29T12:37:29.805098
12,Isabella Nakamura,isabella_nakamura27,isabella.nakamura8@gmail.com,SecurePass193!,,https://api.dicebear.com/7.x/adventurer/svg?seed=isabella_nakamura27,local,1,2,2026-07-04T12:37:29.805098,2026-07-09T12:37:29.805098
13,Yan Larsson,yan_larsson86,yan.larsson7@company.com,SecurePass490!,1002979352,https://api.dicebear.com/7.x/adventurer/svg?seed=yan_larsson86,google,1,1,2026-06-30T12:37:29.805098,2026-07-04T12:37:29.805098
14,Yan Schmidt,yan_schmidt24,yan.schmidt9@yahoo.com,SecurePass868!,1002994012,https://api.dicebear.com/7.x/adventurer/svg?seed=yan_schmidt24,google,1,3,2026-06-28T12:37:29.805098,2026-06-28T12:37:29.805098
15,Lars Tanaka,lars_tanaka68,lars.tanaka5@company.com,SecurePass612!,,https://api.dicebear.com/7.x/adventurer/svg?seed=lars_tanaka68,local,1,3,2026-06-11T12:37:29.805098,2026-06-16T12:37:29.805098
16,Chen Miller,chen_miller87,chen.miller3@intel.org,SecurePass482!,,https://api.dicebear.com/7.x/adventurer/svg?seed=chen_miller87,local,1,4,2026-06-19T12:37:29.805098,2026-06-21T12:37:29.805098
17,Amit Sokolov,amit_sokolov56,amit.sokolov5@outlook.com,SecurePass345!,,https://api.dicebear.com/7.x/adventurer/svg?seed=amit_sokolov56,local,1,1,2026-06-10T12:37:29.805098,2026-06-14T12:37:29.805098
18,Elena Schmidt,elena_schmidt72,elena.schmidt2@outlook.com,SecurePass878!,,https://api.dicebear.com/7.x/adventurer/svg?seed=elena_schmidt72,local,1,2,2026-06-17T12:37:29.805098,2026-06-20T12:37:29.805098
19,Chidi Davis,chidi_davis87,chidi.davis4@springboard.io,SecurePass652!,,https://api.dicebear.com/7.x/adventurer/svg?seed=chidi_davis87,local,0,3,2026-06-26T12:37:29.805098,2026-07-01T12:37:29.805098
20,Freja Davis,freja_davis67,freja.davis4@company.com,SecurePass330!,,https://api.dicebear.com/7.x/adventurer/svg?seed=freja_davis67,local,0,2,2026-07-08T12:37:29.805098,2026-07-08T12:37:29.805098
21,Rajesh Kumar,rajesh_kumar90,rajesh.kumar4@company.com,SecurePass169!,,https://api.dicebear.com/7.x/adventurer/svg?seed=rajesh_kumar90,local,0,3,2026-07-06T12:37:29.805098,2026-07-07T12:37:29.805098
22,Wei Jones,wei_jones37,wei.jones3@gmail.com,SecurePass840!,1002941850,https://api.dicebear.com/7.x/adventurer/svg?seed=wei_jones37,google,1,4,2026-06-13T12:37:29.805098,2026-06-16T12:37:29.805098
23,Yuki Petrov,yuki_petrov22,yuki.petrov7@yahoo.com,SecurePass462!,1002963883,https://api.dicebear.com/7.x/adventurer/svg?seed=yuki_petrov22,google,1,1,2026-06-24T12:37:29.805098,2026-06-29T12:37:29.805098
24,Yan Zhang,yan_zhang92,yan.zhang1@company.com,SecurePass512!,1002924322,https://api.dicebear.com/7.x/adventurer/svg?seed=yan_zhang92,google,1,2,2026-07-01T12:37:29.805098,2026-07-02T12:37:29.805098
25,David Johansson,david_johansson27,david.johansson3@springboard.io,SecurePass385!,1002942742,https://api.dicebear.com/7.x/adventurer/svg?seed=david_johansson27,google,1,4,2026-06-11T12:37:29.805098,2026-06-11T12:37:29.805098
26,Jessica Petrov,jessica_petrov16,jessica.petrov9@yahoo.com,SecurePass956!,,https://api.dicebear.com/7.x/adventurer/svg?seed=jessica_petrov16,local,1,2,2026-06-09T12:37:29.805098,2026-06-10T12:37:29.805098
27,Astrid Jones,astrid_jones71,astrid.jones7@intel.org,SecurePass160!,,https://api.dicebear.com/7.x/adventurer/svg?seed=astrid_jones71,local,0,3,2026-07-08T12:37:29.805098,2026-07-09T12:37:29.805098
28,Bjorn Balogun,bjorn_balogun64,bjorn.balogun9@yahoo.com,SecurePass777!,1002930289,https://api.dicebear.com/7.x/adventurer/svg?seed=bjorn_balogun64,google,1,2,2026-07-02T12:37:29.805098,2026-07-04T12:37:29.805098
29,Sunita Thomas,sunita_thomas79,sunita.thomas6@company.com,SecurePass158!,,https://api.dicebear.com/7.x/adventurer/svg?seed=sunita_thomas79,local,0,2,2026-06-22T12:37:29.805098,2026-06-26T12:37:29.805098
30,Sunita Miller,sunita_miller20,sunita.miller3@outlook.com,SecurePass170!,,https://api.dicebear.com/7.x/adventurer/svg?seed=sunita_miller20,local,1,2,2026-06-26T12:37:29.805098,2026-06-26T12:37:29.805098
31,Emma White,emma_white15,emma.white2@gmail.com,SecurePass529!,1002944179,https://api.dicebear.com/7.x/adventurer/svg?seed=emma_white15,google,1,3,2026-07-02T12:37:29.805098,2026-07-07T12:37:29.805098
32,Amara Chineye,amara_chineye60,amara.chineye5@intel.org,SecurePass568!,1002919508,https://api.dicebear.com/7.x/adventurer/svg?seed=amara_chineye60,google,1,1,2026-07-08T12:37:29.805098,2026-07-09T12:37:29.805098
33,Sanjay Wilson,sanjay_wilson37,sanjay.wilson5@gmail.com,SecurePass235!,1002919016,https://api.dicebear.com/7.x/adventurer/svg?seed=sanjay_wilson37,google,1,3,2026-06-10T12:37:29.805098,2026-06-11T12:37:29.805098
34,Olu Tanaka,olu_tanaka66,olu.tanaka9@outlook.com,SecurePass820!,1002990173,https://api.dicebear.com/7.x/adventurer/svg?seed=olu_tanaka66,google,1,1,2026-06-13T12:37:29.805098,2026-06-18T12:37:29.805098
35,Wei Taylor,wei_taylor48,wei.taylor2@yahoo.com,SecurePass999!,,https://api.dicebear.com/7.x/adventurer/svg?seed=wei_taylor48,local,0,2,2026-07-05T12:37:29.805098,2026-07-05T12:37:29.805098
36,Fatima Balogun,fatima_balogun87,fatima.balogun6@intel.org,SecurePass308!,1002976244,https://api.dicebear.com/7.x/adventurer/svg?seed=fatima_balogun87,google,1,1,2026-06-23T12:37:29.805098,2026-06-25T12:37:29.805098
37,Elena Wang,elena_wang64,elena.wang5@outlook.com,SecurePass145!,,https://api.dicebear.com/7.x/adventurer/svg?seed=elena_wang64,local,0,3,2026-06-14T12:37:29.805098,2026-06-15T12:37:29.805098
38,Akira Schneider,akira_schneider66,akira.schneider7@gmail.com,SecurePass674!,,https://api.dicebear.com/7.x/adventurer/svg?seed=akira_schneider66,local,1,1,2026-07-06T12:37:29.805098,2026-07-07T12:37:29.805098
39,Isabella Thomas,isabella_thomas80,isabella.thomas7@intel.org,SecurePass230!,,https://api.dicebear.com/7.x/adventurer/svg?seed=isabella_thomas80,local,0,3,2026-06-27T12:37:29.805098,2026-06-27T12:37:29.805098
40,Hana Chen,hana_chen41,hana.chen2@yahoo.com,SecurePass462!,1002991351,https://api.dicebear.com/7.x/adventurer/svg?seed=hana_chen41,google,1,2,2026-06-15T12:37:29.806101,2026-06-16T12:37:29.806101
41,Akira Sato,akira_sato62,akira.sato3@company.com,SecurePass854!,1002963964,https://api.dicebear.com/7.x/adventurer/svg?seed=akira_sato62,google,1,2,2026-06-13T12:37:29.806101,2026-06-18T12:37:29.806101
42,Fatima Tanaka,fatima_tanaka99,fatima.tanaka7@company.com,SecurePass993!,,https://api.dicebear.com/7.x/adventurer/svg?seed=fatima_tanaka99,local,0,4,2026-07-01T12:37:29.806101,2026-07-02T12:37:29.806101
43,Santiago Bello,santiago_bello39,santiago.bello1@intel.org,SecurePass775!,,https://api.dicebear.com/7.x/adventurer/svg?seed=santiago_bello39,local,0,1,2026-06-28T12:37:29.806101,2026-06-30T12:37:29.806101
44,Wolfgang Adeleke,wolfgang_adeleke54,wolfgang.adeleke9@yahoo.com,SecurePass509!,1002913617,https://api.dicebear.com/7.x/adventurer/svg?seed=wolfgang_adeleke54,google,1,2,2026-07-05T12:37:29.806101,2026-07-07T12:37:29.806101
45,Emma Chineye,emma_chineye14,emma.chineye7@company.com,SecurePass453!,1002967199,https://api.dicebear.com/7.x/adventurer/svg?seed=emma_chineye14,google,1,1,2026-06-19T12:37:29.806101,2026-06-23T12:37:29.806101
46,Diego Anderson,diego_anderson34,diego.anderson1@cybersec.net,SecurePass825!,1002910221,https://api.dicebear.com/7.x/adventurer/svg?seed=diego_anderson34,google,1,2,2026-06-22T12:37:29.806101,2026-06-26T12:37:29.806101
47,Isabella Larsson,isabella_larsson18,isabella.larsson6@yahoo.com,SecurePass738!,1002996951,https://api.dicebear.com/7.x/adventurer/svg?seed=isabella_larsson18,google,1,3,2026-06-11T12:37:29.806101,2026-06-11T12:37:29.806101
48,Michael Bello,michael_bello95,michael.bello6@springboard.io,SecurePass512!,1002982667,https://api.dicebear.com/7.x/adventurer/svg?seed=michael_bello95,google,1,4,2026-07-04T12:37:29.806101,2026-07-05T12:37:29.806101
49,Wei Martinez,wei_martinez96,wei.martinez3@yahoo.com,SecurePass730!,1002963225,https://api.dicebear.com/7.x/adventurer/svg?seed=wei_martinez96,google,1,3,2026-06-21T12:37:29.806101,2026-06-21T12:37:29.806101
50,Olu Ito,olu_ito65,olu.ito6@outlook.com,SecurePass576!,1002967954,https://api.dicebear.com/7.x/adventurer/svg?seed=olu_ito65,google,1,4,2026-06-17T12:37:29.806101,2026-06-18T12:37:29.806101
51,Dieter Tanaka,dieter_tanaka94,dieter.tanaka5@company.com,SecurePass627!,1002922240,https://api.dicebear.com/7.x/adventurer/svg?seed=dieter_tanaka94,google,1,3,2026-06-12T12:37:29.806101,2026-06-13T12:37:29.806101
52,Takashi Watanabe,takashi_watanabe28,takashi.watanabe1@company.com,SecurePass350!,1002990120,https://api.dicebear.com/7.x/adventurer/svg?seed=takashi_watanabe28,google,1,4,2026-06-11T12:37:29.806101,2026-06-11T12:37:29.806101
53,Astrid Wang,astrid_wang83,astrid.wang7@intel.org,SecurePass606!,1002941979,https://api.dicebear.com/7.x/adventurer/svg?seed=astrid_wang83,google,1,1,2026-07-04T12:37:29.806101,2026-07-09T12:37:29.806101
54,Helga Weber,helga_weber23,helga.weber7@outlook.com,SecurePass324!,,https://api.dicebear.com/7.x/adventurer/svg?seed=helga_weber23,local,0,2,2026-07-07T12:37:29.806101,2026-07-09T12:37:29.806101
55,Olga Olsson,olga_olsson27,olga.olsson8@outlook.com,SecurePass783!,1002968008,https://api.dicebear.com/7.x/adventurer/svg?seed=olga_olsson27,google,1,4,2026-06-19T12:37:29.806101,2026-06-24T12:37:29.806101
56,Jessica Johansson,jessica_johansson30,jessica.johansson8@yahoo.com,SecurePass560!,1002942406,https://api.dicebear.com/7.x/adventurer/svg?seed=jessica_johansson30,google,1,3,2026-06-12T12:37:29.806101,2026-06-17T12:37:29.806101
57,Wolfgang Weber,wolfgang_weber76,wolfgang.weber4@springboard.io,SecurePass381!,1002920155,https://api.dicebear.com/7.x/adventurer/svg?seed=wolfgang_weber76,google,1,2,2026-06-16T12:37:29.806101,2026-06-18T12:37:29.806101
58,Fatima Santos,fatima_santos50,fatima.santos2@gmail.com,SecurePass241!,,https://api.dicebear.com/7.x/adventurer/svg?seed=fatima_santos50,local,1,2,2026-06-26T12:37:29.806101,2026-07-01T12:37:29.806101
59,Hans Ito,hans_ito18,hans.ito7@springboard.io,SecurePass438!,1002964496,https://api.dicebear.com/7.x/adventurer/svg?seed=hans_ito18,google,1,4,2026-07-07T12:37:29.806101,2026-07-07T12:37:29.806101
60,Diego Weber,diego_weber84,diego.weber1@yahoo.com,SecurePass977!,1002972518,https://api.dicebear.com/7.x/adventurer/svg?seed=diego_weber84,google,1,3,2026-07-08T12:37:29.806101,2026-07-09T12:37:29.806101
61,Helga Martinez,helga_martinez63,helga.martinez9@gmail.com,SecurePass919!,,https://api.dicebear.com/7.x/adventurer/svg?seed=helga_martinez63,local,0,4,2026-07-01T12:37:29.806101,2026-07-03T12:37:29.806101
62,Sarah Sharma,sarah_sharma59,sarah.sharma7@cybersec.net,SecurePass841!,,https://api.dicebear.com/7.x/adventurer/svg?seed=sarah_sharma59,local,0,1,2026-06-09T12:37:29.806101,2026-06-10T12:37:29.806101
63,Sven Thomas,sven_thomas82,sven.thomas1@yahoo.com,SecurePass185!,1002927786,https://api.dicebear.com/7.x/adventurer/svg?seed=sven_thomas82,google,1,2,2026-06-11T12:37:29.806101,2026-06-14T12:37:29.806101
64,Sunita Chineye,sunita_chineye58,sunita.chineye4@cybersec.net,SecurePass565!,1002954236,https://api.dicebear.com/7.x/adventurer/svg?seed=sunita_chineye58,google,1,3,2026-06-14T12:37:29.806101,2026-06-17T12:37:29.806101
65,Helga Nielsen,helga_nielsen42,helga.nielsen2@outlook.com,SecurePass581!,,https://api.dicebear.com/7.x/adventurer/svg?seed=helga_nielsen42,local,1,1,2026-06-27T12:37:29.806101,2026-06-28T12:37:29.806101
66,Wolfgang Zhang,wolfgang_zhang15,wolfgang.zhang1@outlook.com,SecurePass353!,,https://api.dicebear.com/7.x/adventurer/svg?seed=wolfgang_zhang15,local,1,2,2026-06-19T12:37:29.807444,2026-06-20T12:37:29.807444
67,Ivan Smith,ivan_smith95,ivan.smith4@company.com,SecurePass576!,1002958351,https://api.dicebear.com/7.x/adventurer/svg?seed=ivan_smith95,google,1,1,2026-07-03T12:37:29.807444,2026-07-07T12:37:29.807444
68,Wolfgang Tanaka,wolfgang_tanaka49,wolfgang.tanaka1@company.com,SecurePass419!,1002961990,https://api.dicebear.com/7.x/adventurer/svg?seed=wolfgang_tanaka49,google,1,1,2026-06-16T12:37:29.807444,2026-06-17T12:37:29.807444
69,Emma Yang,emma_yang90,emma.yang2@intel.org,SecurePass813!,1002999687,https://api.dicebear.com/7.x/adventurer/svg?seed=emma_yang90,google,1,1,2026-06-19T12:37:29.807444,2026-06-19T12:37:29.807444
70,Santiago Wilson,santiago_wilson64,santiago.wilson6@yahoo.com,SecurePass170!,1002911658,https://api.dicebear.com/7.x/adventurer/svg?seed=santiago_wilson64,google,1,4,2026-06-11T12:37:29.807444,2026-06-14T12:37:29.807444
71,Dmitry Larsson,dmitry_larsson56,dmitry.larsson8@yahoo.com,SecurePass824!,,https://api.dicebear.com/7.x/adventurer/svg?seed=dmitry_larsson56,local,0,3,2026-07-03T12:37:29.807444,2026-07-08T12:37:29.807444
72,Ashley Wilson,ashley_wilson71,ashley.wilson7@springboard.io,SecurePass945!,1002952245,https://api.dicebear.com/7.x/adventurer/svg?seed=ashley_wilson71,google,1,1,2026-06-11T12:37:29.807444,2026-06-12T12:37:29.807444
73,Fatima Johansson,fatima_johansson41,fatima.johansson8@outlook.com,SecurePass683!,1002954092,https://api.dicebear.com/7.x/adventurer/svg?seed=fatima_johansson41,google,1,3,2026-07-08T12:37:29.807444,2026-07-09T12:37:29.807444
74,Kenji Jones,kenji_jones37,kenji.jones5@cybersec.net,SecurePass448!,1002988139,https://api.dicebear.com/7.x/adventurer/svg?seed=kenji_jones37,google,1,1,2026-06-16T12:37:29.807444,2026-06-18T12:37:29.807444
75,Emily Watanabe,emily_watanabe20,emily.watanabe7@intel.org,SecurePass600!,,https://api.dicebear.com/7.x/adventurer/svg?seed=emily_watanabe20,local,0,4,2026-06-18T12:37:29.807444,2026-06-23T12:37:29.807444
76,Freja Sharma,freja_sharma21,freja.sharma4@cybersec.net,SecurePass514!,,https://api.dicebear.com/7.x/adventurer/svg?seed=freja_sharma21,local,0,3,2026-06-17T12:37:29.807444,2026-06-21T12:37:29.807444
77,John Taylor,john_taylor77,john.taylor7@cybersec.net,SecurePass863!,1002956112,https://api.dicebear.com/7.x/adventurer/svg?seed=john_taylor77,google,1,3,2026-06-16T12:37:29.807444,2026-06-19T12:37:29.807444
78,Zainab Chineye,zainab_chineye39,zainab.chineye4@company.com,SecurePass423!,,https://api.dicebear.com/7.x/adventurer/svg?seed=zainab_chineye39,local,1,4,2026-07-02T12:37:29.807444,2026-07-03T12:37:29.807444
79,Fatima Schmidt,fatima_schmidt85,fatima.schmidt9@outlook.com,SecurePass711!,1002923176,https://api.dicebear.com/7.x/adventurer/svg?seed=fatima_schmidt85,google,1,3,2026-06-12T12:37:29.807444,2026-06-13T12:37:29.807444
80,Takashi Rodriguez,takashi_rodriguez32,takashi.rodriguez1@cybersec.net,SecurePass825!,,https://api.dicebear.com/7.x/adventurer/svg?seed=takashi_rodriguez32,local,0,3,2026-07-07T12:37:29.807444,2026-07-07T12:37:29.807444
81,Jun Smirnov,jun_smirnov91,jun.smirnov8@outlook.com,SecurePass205!,,https://api.dicebear.com/7.x/adventurer/svg?seed=jun_smirnov91,local,0,4,2026-06-23T12:37:29.807444,2026-06-26T12:37:29.807444
82,Camila Sato,camila_sato16,camila.sato8@cybersec.net,SecurePass216!,,https://api.dicebear.com/7.x/adventurer/svg?seed=camila_sato16,local,0,1,2026-06-23T12:37:29.807444,2026-06-23T12:37:29.807444
83,Sofia Volkov,sofia_volkov82,sofia.volkov2@cybersec.net,SecurePass354!,,https://api.dicebear.com/7.x/adventurer/svg?seed=sofia_volkov82,local,0,2,2026-06-19T12:37:29.807444,2026-06-23T12:37:29.807444
84,Wolfgang Davis,wolfgang_davis58,wolfgang.davis8@springboard.io,SecurePass404!,1002950026,https://api.dicebear.com/7.x/adventurer/svg?seed=wolfgang_davis58,google,1,1,2026-06-20T12:37:29.807444,2026-06-24T12:37:29.807444
85,Ashley Schneider,ashley_schneider22,ashley.schneider4@outlook.com,SecurePass740!,,https://api.dicebear.com/7.x/adventurer/svg?seed=ashley_schneider22,local,0,2,2026-06-17T12:37:29.807444,2026-06-17T12:37:29.807444
86,Amara Sato,amara_sato80,amara.sato3@company.com,SecurePass102!,1002969048,https://api.dicebear.com/7.x/adventurer/svg?seed=amara_sato80,google,1,4,2026-06-16T12:37:29.807444,2026-06-20T12:37:29.807444
87,Olu Rao,olu_rao39,olu.rao5@cybersec.net,SecurePass819!,1002919329,https://api.dicebear.com/7.x/adventurer/svg?seed=olu_rao39,google,1,3,2026-06-17T12:37:29.807444,2026-06-18T12:37:29.807444
88,Chen Thomas,chen_thomas94,chen.thomas4@outlook.com,SecurePass535!,,https://api.dicebear.com/7.x/adventurer/svg?seed=chen_thomas94,local,1,3,2026-06-18T12:37:29.807444,2026-06-19T12:37:29.807444
89,Sofia Kumar,sofia_kumar17,sofia.kumar5@intel.org,SecurePass709!,1002967560,https://api.dicebear.com/7.x/adventurer/svg?seed=sofia_kumar17,google,1,3,2026-07-05T12:37:29.807444,2026-07-08T12:37:29.807444
90,Jun Hansen,jun_hansen44,jun.hansen9@gmail.com,SecurePass605!,1002920543,https://api.dicebear.com/7.x/adventurer/svg?seed=jun_hansen44,google,1,4,2026-06-19T12:37:29.807444,2026-06-19T12:37:29.807444
91,Dieter Silva,dieter_silva87,dieter.silva1@cybersec.net,SecurePass193!,,https://api.dicebear.com/7.x/adventurer/svg?seed=dieter_silva87,local,1,3,2026-06-14T12:37:29.807444,2026-06-19T12:37:29.807444
92,James Rao,james_rao32,james.rao9@springboard.io,SecurePass767!,1002946458,https://api.dicebear.com/7.x/adventurer/svg?seed=james_rao32,google,1,4,2026-07-03T12:37:29.807444,2026-07-07T12:37:29.807444
93,Chen Jones,chen_jones21,chen.jones6@springboard.io,SecurePass518!,1002952081,https://api.dicebear.com/7.x/adventurer/svg?seed=chen_jones21,google,1,2,2026-06-17T12:37:29.807444,2026-06-17T12:37:29.807444
94,Camila Nielsen,camila_nielsen98,camila.nielsen5@springboard.io,SecurePass778!,1002982102,https://api.dicebear.com/7.x/adventurer/svg?seed=camila_nielsen98,google,1,1,2026-07-07T12:37:29.807444,2026-07-08T12:37:29.807444
95,Mateo Chineye,mateo_chineye51,mateo.chineye7@company.com,SecurePass985!,,https://api.dicebear.com/7.x/adventurer/svg?seed=mateo_chineye51,local,0,2,2026-06-25T12:37:29.807444,2026-06-25T12:37:29.807444
96,Emily Rodriguez,emily_rodriguez89,emily.rodriguez8@outlook.com,SecurePass740!,1002916764,https://api.dicebear.com/7.x/adventurer/svg?seed=emily_rodriguez89,google,1,2,2026-07-02T12:37:29.807444,2026-07-04T12:37:29.807444
97,Olu Johansson,olu_johansson99,olu.johansson2@springboard.io,SecurePass129!,,https://api.dicebear.com/7.x/adventurer/svg?seed=olu_johansson99,local,1,1,2026-06-29T12:37:29.807444,2026-07-03T12:37:29.807444
98,Jessica Nielsen,jessica_nielsen21,jessica.nielsen2@intel.org,SecurePass572!,,https://api.dicebear.com/7.x/adventurer/svg?seed=jessica_nielsen21,local,1,3,2026-06-23T12:37:29.807444,2026-06-28T12:37:29.807444
99,Michael Muller,michael_muller44,michael.muller8@springboard.io,SecurePass583!,,https://api.dicebear.com/7.x/adventurer/svg?seed=michael_muller44,local,0,4,2026-06-21T12:37:29.807444,2026-06-22T12:37:29.807444
100,Yuki White,yuki_white75,yuki.white3@yahoo.com,SecurePass984!,,https://api.dicebear.com/7.x/adventurer/svg?seed=yuki_white75,local,0,3,2026-06-14T12:37:29.807444,2026-06-17T12:37:29.807444
